model_type,context_len,n,val_ppl_mean,val_ppl_std,peak_mem_mb_mean,peak_mem_mb_std,toks_per_sec_mean,toks_per_sec_std,val_ppl_ci95,peak_mem_ci95,claim_guard
baseline,256,3,14.100650492464515,0.33294692727437514,1202.0416666666667,19.54871927084247,63910.47084156707,2235.0309057412646,0.37676491625192976,22.121458333333315,ok
baseline,512,3,13.038464621709101,0.2982782137984105,3330.2916666666665,1.741071905524998,43180.79833831915,8615.45140368879,0.3375335737786296,1.9702083333333704,ok
baseline,1024,3,13.114385761407602,0.053534201188493793,10020.453125,1189.675755437662,15977.635090553582,6606.19454004313,0.06057965151537582,1346.2448505945988,ok
hybrid,256,3,8.504051546297454,0.2744344618709336,1211.9947916666667,9.237604307033996,12698.09772156585,281.7967673045747,0.3105518284547435,10.453333333333315,ok
hybrid,512,3,7.627616190126617,0.15021172202924005,3333.296875,2.0,6751.572427274689,367.76717430102786,0.16998056517207719,2.263213055223333,ok
hybrid,1024,3,7.0980300710362245,0.04368913877146151,10024.979166666666,1183.568051838733,5353.102919208385,217.66065876712523,0.049438914619517785,1339.3333333333337,ok
